Namespace(lexinterface=False, toinitfile=None, frominitfile='', mysqlconfigfile='/home/ssubrahmanya/.my.cnf', dbengine='mysql', corpdb='ssubrahmanya', corptable='msg_essays', correl_field='user_id', message_field='message', messageid_field='message_id', date_field='updated_time', lexicondb='dlatk_lexica', encoding='utf8mb4', useunicode=True, language='en', feattable='feat$roberta_ba_meL11con$msg_essays$user_id', n=[1], metafeats=True, lextable='', wordTable=None, colloc_table='test_collocs', colloc_column='feat', feature_type_name=None, gzipcsv='', categories='', feat_blacklist='', feat_whitelist='', valuefunc=<function main.<locals>.<lambda> at 0x7f6ebd73d1c0>, lexvaluefunc=<function main.<locals>.<lambda> at 0x7f6ebd73d300>, pocc=0.01, pmi=3.0, minfeatsum=0, topicfile='', numtopicwords=15, topiclexicon='', topiclist='', topiclexmethod='csv_lik', weightedlexicon=False, numbins=None, flexiplotfile='', groupidrange=None, masktable=None, embmodel='bert-base-uncased', embclass=None, tokenizermodel=None, embaggs=['mean'], emblayeraggs=['concatenate'], transwordaggs=['mean'], emblayers=None, embnocontext=False, embtablename=None, batchsize=32, embkeepmsg=False, listfeattables=False, showtables=False, describetables=False, viewtables=False, createrandsample=None, createcopiedtable=None, extension=None, top_messages=False, outcometable='big5_user_id', outcomefields=['avg_from_wave_openness_score', 'avg_from_wave_conscientious_score', 'avg_from_wave_extravert_score', 'avg_from_wave_agreeable_score', 'avg_from_wave_neurotic_score'], outcomecontrols=[], cattobinfields=[], cattointfields=[], outcomeinteraction=[], fold_column='fold', test_folds=None, featnames=['honor'], groupfreqthresh=0, outputdir='.', outputname='/chronos_data/ssubrahmanya/summary-mem/output/big5_user_id_roberta-base_L11_ridgecv', maxtcwords=100, showfeatfreqs=True, tcfilter=True, featlabelmaptable='', featlabelmaplex='', bracketlabels='', compTagcloud=False, compTCsample1=[], compTCsample2=[], csv=True, pickle=False, sort=False, whitelist=False, blacklist=False, spearman=False, logisticReg=False, cohensd=False, IDP=False, auc=False, zScoreGroup=False, p_correction_method='BH', bonferroni=True, nvalue=True, confint=True, freq=True, tagcloudcolorscheme='multi', cleancloud=False, weightedsample='', low_variance_thresh=0.0, minabseffectsize=0.0, interactions=False, bootstrapp=0, maxP=0.05, groupswhere='', mediation=False, mediationboot=False, mediationbootnum=1000, outcomepathstarts=[], outcomemediators=[], feat_as_path_start=False, feat_as_outcome=False, feat_as_control=False, no_features=False, mediationcsv=False, mediationsummary=True, mediation_style='baron', adapttable=None, adaptcolumns=None, model='ridgecv', turn_off_backoff_model=False, combmodels=['ridgecv'], sparse=False, folds=5, outlier_to_mean=False, picklefile='', allcontrolsonly=True, nolang=False, controlcombosizes=[], res_controls=False, pred_csv=True, prob_csv=False, weightedeval=None, standardize=True, featureselection='', featureselectionstring='', train_bootstraps=None, train_bootstraps_ns=None, addngrams=False, addngramsfromtok=False, use_collocs=False, include_sub_collocs=False, colloc_pmi_thresh=3.0, addcharngrams=False, lowercaseonly=True, addlextable=False, addcorplextable=False, addphrasetable=False, addpostable=False, pos_ngram=False, addldafeattable=None, printtokenizedlines=None, printjoinedfeaturelines=None, addtopiclexfromtopicfile=False, addtimexdiff=False, addpostimexdiff=False, addwnnopos=False, addwnpos=False, addfkscore=False, addpnames=None, embaddfeat=False, sembaddfeat=False, lexicon_normalization=False, multicategory_normalization=False, addtokenized=False, addsenttokenized=False, addsentperrow=False, addparses=False, addsegmented=False, segmentationModel='ctb', addtweettok=False, addtweetpos=False, addldamsgs=None, addoutcomefeats=False, langfilter=[], lightenglishfilter=False, cleanmessages=False, deduplicate=False, spamfilter=None, addmessageid=None, ldamsgtbl='messages_en_lda$msgs_en_tok_a30', createdists=False, addner=False, ttestfeats=False, featoccfilter=False, combinefeattables=None, addfeatnorms=False, addstdfeats=False, featcollocfilter=False, createcollocscores=False, featcorrelfilter=False, maketopiclabelmap=False, tfidf=False, featgroupoutcomes=False, aggregategroup=False, archetypesimilarity=None, interpolategroup=None, printcsv=None, printfreqcsv=None, printnumgroups=False, densifytable=None, correlate=False, rmatrix=False, combormatrix=False, topicdupefilter=False, tagcloud=False, topictc=False, topictagcloudcolorscheme='blue', corptopictc=False, makewordclouds=False, maketopicwordclouds=False, makealltopicwordclouds=False, keepduplicates=False, useFeatTableFeats=False, outcomeWithOutcome=False, outcomeWithOutcomeOnly=False, outputInteractionTerms=False, interactionDdla=None, ddlaSignificance=0.001, ddlaFiles=None, ddlaTagcloud=False, multir=False, trainregression=False, testregression=False, combotestregression=True, predictregression=False, controladjustreg=False, testcombregression=[], predictrtofeats=None, predictRtoOutcomeTable=None, predictalltofeats=None, fsparams=False, kbest=None, pcacomp=None, adaptationfactors=None, factorselectiontype='rfe', numoffactors=None, pairedfactors=False, report=False, factoraddition=False, factoradaptation=False, residualizedfactoradaptation=False, trainclassifiers=False, testclassifiers=False, combotestclassifiers=False, predictclassifiers=False, roc=False, predictctofeats=None, predictprobstofeats=None, predictCtoOutcomeTable=None, regrToLex=None, classToLex=None, stratifyfolds=False, prefixsupergroups=False, trainclasstoreg=False, testclasstoreg=False, predictclasstoreg=False, reducertolexicon=None, supertopics=None, reducedlexicon=None, fitreducer=False, n_components=None, transformdrtofeats=None, cca=0, penaltyFeats=None, penaltyOutcomes=None, ccaOutcomesVsControls=False, ccaPermute=0, predictCcaCompsFromModel=False, newSQLtable=None, usexfeats=False, usexcontrols=False, savemodels=False, loadmodels=False, barplot=False, scatterplot=False, featflexibin=False, skipbinstep=False, preservebintable=False, descplot=False, loessplot='', estimate_lda_topics=False, mallet_path='/opt/mallet/bin/mallet', save_lda_files=None, lda_lexicon_name=None, no_lda_lexicon=False, num_topics=100, num_lda_threads=4, num_stopwords=50, extra_lda_stopwords=None, no_lda_stopping=False, lda_alpha=5.0, lda_beta=0.01, lda_iterations=1000, integrationmethod='', featureselectionparams=None)

Id,avg_from_wave_agreeable_score__withLanguage,avg_from_wave_agreeable_score_trues,avg_from_wave_conscientious_score__withLanguage,avg_from_wave_conscientious_score_trues,avg_from_wave_extravert_score__withLanguage,avg_from_wave_extravert_score_trues,avg_from_wave_neurotic_score__withLanguage,avg_from_wave_neurotic_score_trues,avg_from_wave_openness_score__withLanguage,avg_from_wave_openness_score_trues
1029,15.54292891680359,16.5,16.08992508822084,13.0,14.431150571148704,11.0,10.702052060030564,12.5,13.74570937291109,11.5
1032,11.32844153575798,15.5,12.86188774706044,16.0,9.823214731063318,12.5,15.825428786798541,10.5,14.795870017372483,10.0
1115,11.834088163967085,13.0,14.713955390015027,6.0,13.157282792165333,10.0,14.98934609016775,19.0,13.629213227550398,19.0
118,14.264187995364281,14.25,14.622869875186268,13.5,14.626787293864602,15.25,13.702948018663141,13.0,13.822986573022927,13.75
1180,14.519993179075838,13.0,15.360179294532442,19.0,13.518227959469947,7.5,11.906246174033225,11.5,13.698919759802301,14.5
1195,15.678712817660365,15.0,16.941405477034287,17.6667,13.300829353313803,12.6667,10.938339187969873,11.6667,13.63247982595419,11.0
1208,14.678147826779067,15.6667,15.257105708576361,14.0,13.989552482670591,15.0,10.735920597450308,12.3333,13.732548144999297,18.3333
1221,14.52577855178142,17.5,15.793548853357537,17.5,13.555868450058895,18.5,11.164917125173236,7.5,13.575798396394259,12.5
1237,13.094821585006,16.0,14.43848147182758,15.0,12.841918774464416,18.0,12.791445325305471,10.5,13.803962687402665,16.0
1247,13.05891396764501,14.25,13.695549379887407,15.0,12.871233032563621,14.75,15.303477604285487,17.75,13.837170485937692,16.0
125,12.692733706092332,16.25,14.130363257585893,15.25,13.45362963752817,9.5,14.408311468539964,15.0,13.783661076061222,12.75
1254,12.505307477371074,12.0,11.850764000625809,11.75,11.861797506062926,14.25,16.373552047056563,15.0,14.694042772483314,13.5
1268,14.482495913196534,15.2,15.469500063853287,15.0,13.29175305597815,10.8,12.363793324585256,12.8,13.587008452597843,14.8
1271,13.44162475907518,17.0,15.133959671103547,18.5,11.721720585081187,10.5,14.2005699275751,9.5,13.77672487003294,14.0
1358,13.863320969795552,8.0,14.783098806237124,18.0,13.169766339372542,8.0,14.761246028331914,16.0,13.707625143487729,16.0
1363,14.469273083609874,14.5,14.421610921696312,19.0,13.598939495693372,10.5,12.167406540371262,13.5,13.710592708854849,8.5
1370,14.9629583659632,11.25,15.824580333593785,11.5,13.372937188136767,19.0,12.843420902019517,16.25,13.674309837773286,12.0
1396,15.027987021754088,17.3333,16.286929981675705,18.6667,13.838857289682254,16.6667,10.28449804027288,9.0,13.58722191036953,16.6667
1410,14.047501652980097,12.0,16.388769748969708,13.5,12.890732919848482,12.5,12.885520892143326,13.5,13.78494420586898,10.5
1431,14.695361356862833,13.3333,15.177533975462403,18.0,14.165904813407947,13.3333,10.616798636246731,11.3333,13.844262030536635,14.6667
1482,12.971936522269315,12.5,14.807275956346462,14.0,13.440617232712869,14.0,13.662036584252604,17.5,13.757259072799995,16.5
1487,14.497252179191067,19.25,15.309951231805046,17.75,15.0671209667367,11.0,12.188513704070555,10.75,14.000042952056365,10.25
150,13.823311396880959,12.0,15.44798928845168,12.0,13.257032206388285,15.0,11.71801474771875,14.5,13.573178812122512,13.5
1509,15.322186917728736,14.0,15.768968838627364,16.6667,14.260630609520337,13.0,10.421658938716908,13.6667,13.815765856019361,10.0
1532,14.856220728969811,15.5,15.549942849540743,17.0,13.59386455857288,10.5,9.369935664265437,12.5,13.742665045485934,16.0
1535,16.269037971088416,16.0,17.70447325057838,14.0,13.705190847633727,15.0,9.611012391851489,9.5,13.630386577811505,15.5
1549,14.259572391104813,15.75,14.464808216323874,17.5,14.517377048438618,16.5,9.594645750556909,9.5,13.844168329474899,16.0
1558,13.629633191022721,16.5,14.646531079350103,15.5,13.351874735247728,16.5,13.115204017967526,13.5,13.606622651763713,18.0
1582,14.545447750407833,18.5,15.795202487781836,17.0,13.978308126823455,14.5,11.74794928736644,9.5,13.793705715589532,16.0
159,14.109435592883711,18.0,14.63181198609927,17.0,13.655110423641988,12.0,12.152639110372382,11.0,13.814085233200396,6.0
1591,13.727253596913886,14.5,14.257928758753412,10.5,13.633152066563323,9.5,13.847290336718235,13.5,13.694377410196065,14.5
1595,13.562419594323536,12.0,14.700993986179041,15.5,12.199995781936158,14.5,13.825448799860418,15.0,13.861596894638518,7.5
1596,15.99032304401996,15.0,15.8669968202589,14.3333,14.360367281721297,12.6667,9.223810925590389,8.3333,13.697191239971993,15.6667
16,14.861025715092193,13.0,15.69800980190816,16.5,14.574821152285166,19.0,12.49678292734841,10.0,13.813415615286488,13.0
1607,14.294274590615245,10.0,15.01818288943662,14.0,13.483174632106797,13.0,13.814841426849355,19.0,13.726939079575656,18.0
1639,15.594299381644568,11.0,17.465227605795487,11.5,13.766253018403987,18.0,11.148822456054049,12.5,13.650327649877411,18.75
1641,14.835925616131242,12.0,15.363096638968486,16.0,13.764065965549321,12.0,11.228212451855448,14.3333,13.666953817374187,12.6667
1643,13.19130623402386,14.0,13.973639749927338,16.0,13.4694448610458,14.6667,15.712978044046213,10.3333,13.658419801830645,15.3333
1644,14.401639083959891,13.5,15.009078989515842,16.0,13.943594327434708,15.5,11.167936982646793,7.0,13.861191912449454,12.5
1664,13.883627165023945,13.0,14.374372305075248,14.0,13.685803370305038,8.3333,13.24549322213346,14.6667,13.835168218857243,14.3333
1672,13.41835914475224,12.25,15.21459825621459,11.25,13.057598612969246,6.75,14.589082150447128,14.5,13.751682790629307,10.25
1677,14.989081446373168,16.6,16.287667053724764,17.2,15.161410333616931,19.0,11.28646674454339,7.0,13.540072029844948,18.4
1680,14.595591472565872,16.25,15.384790298917087,16.5,13.735329022221073,19.75,12.102183737797937,10.25,13.589971366269197,18.0
1713,13.790877329522507,12.6667,15.643336141841681,18.6667,13.419481175996493,17.0,13.978646653928028,12.3333,13.78602953876462,13.3333
1739,14.264293136569435,11.2,14.946985939515637,10.6,14.027204879837791,11.2,13.687940893336709,14.2,13.749319782094883,15.0
1791,14.313406106539455,15.5,16.140768497213056,17.0,12.784549124589343,14.5,13.298898299587826,14.25,13.640823513122292,17.25
181,14.078195178982169,13.5,14.85222516510274,17.5,13.630058960169377,13.5,11.542206197340624,11.5,13.711344832564501,15.5
1872,16.065586456315078,16.75,16.636445496144646,14.5,14.82845154613475,16.0,9.682086189520096,8.0,13.721608857867905,16.25
1889,14.1077520985994,14.5,15.078847859284533,16.0,12.917160686078214,16.0,12.315406765289103,13.0,13.800690889026207,9.0
189,12.493805504081088,8.0,13.119281466113186,8.6667,12.938280188007205,13.6667,14.989909229678139,16.0,13.861682592571595,12.0
1941,15.874980863593734,12.5,16.838848085116382,13.75,13.048691381304172,10.0,13.118046064092553,7.25,13.682754114168315,15.0
1947,12.687484441557153,15.5,13.842058453263505,11.5,10.717941893155867,13.5,14.111730518431962,12.0,13.982804390770706,17.0
1959,13.547544130561427,11.5,15.157344208164185,11.0,14.01030922866375,7.5,12.341695224156556,17.0,13.721472961242991,12.0
2022,14.926869644523752,17.0,15.908286914766999,15.5,16.040992908522245,8.5,12.7951166118414,16.5,13.821174471554917,13.0
2147,14.9880979218259,17.0,15.838614297431038,19.5,14.588047688733838,13.75,10.813311269466862,6.0,13.713912706082155,8.0
2180,14.471115625514983,12.0,15.717234517378765,14.0,13.214655147713101,9.5,15.442507698184825,16.0,13.719409551432948,16.5
2216,12.796919587991168,12.75,13.125091697001023,12.5,12.9662277244758,14.0,13.94388338704691,14.25,13.69604168473775,13.75
2228,14.581286870862748,18.25,15.910869428337296,17.25,13.241847434074204,15.75,12.94984408021343,13.75,13.629195556880497,14.0
2287,14.316767595034312,15.8,15.441454411064436,16.4,13.417341635728548,11.2,11.72830743882846,13.8,13.771986086551147,12.8
2306,15.558589857621305,14.3333,16.56129998855167,18.3333,13.59324613817133,7.6667,9.650162415746006,9.6667,13.814653026020002,8.6667
242,18.046666210611193,17.6667,17.22159386263705,17.0,14.334142475462249,16.6667,9.420785404375028,7.0,13.726819077273246,17.0
249,14.53561148451975,17.0,16.099989065261788,15.6667,14.380471251430668,17.6667,11.03951257600916,7.6667,13.657384915687292,11.3333
251,14.644205376962208,17.0,15.31386090673545,18.0,13.203335276627273,14.0,10.945789676576538,9.0,13.527150399753303,19.0
252,13.76310704873494,13.4,15.031307381686263,18.2,12.852316050994446,7.8,13.322663919857476,17.2,13.804046612755565,9.0
261,14.734233057216041,16.3333,15.603527496209955,14.6667,13.749164777039375,11.0,11.698250669728234,11.6667,13.722018014690544,13.3333
27,15.34821133240347,15.25,16.83589422578961,15.75,13.503702619567976,11.25,10.555709229763893,7.75,13.645449944153228,15.25
298,16.28923575421307,13.0,16.669261573125485,13.5,14.027794177899285,13.0,10.007823635000962,10.25,13.66220453354991,12.75
307,13.954711941182257,17.0,15.27271477905755,13.0,13.179102063772381,14.5,12.6746966086607,11.5,13.654191244017909,16.0
316,13.917115701930724,13.0,13.932200375196329,13.0,13.361718965258419,12.75,12.266422196559263,10.75,13.796251758351966,11.25
32,14.86373572082594,18.0,15.745610281766668,18.5,14.297131427126669,15.0,10.473646441915394,9.5,13.85301087908118,14.5
320,14.679025893812195,13.0,15.651270577134497,13.0,13.843446982163115,19.0,12.508262369911993,15.0,13.724217261628846,11.0
349,14.501416661196705,12.75,14.986525437964072,18.75,12.617411148713787,20.0,11.824023643484711,11.5,13.52665284618967,13.5
354,15.81710393729164,15.6,15.425240556875423,17.4,13.988769041328887,14.4,10.730266541231959,9.4,13.587940055878635,12.8
364,12.502075598254777,16.3333,12.759509134975277,15.0,11.636640558125064,15.6667,15.321287704741733,17.0,13.855190297631209,15.0
407,14.10407596372022,13.3333,14.980249459237228,9.6667,13.811566575534892,10.3333,14.671372466722351,20.0,13.727215862733921,16.0
468,13.557942537009989,12.0,15.60356200552601,9.5,12.961318211080652,12.0,13.429806419304402,10.0,13.68346877391966,14.0
474,15.625231384962888,10.0,15.09892023971093,12.0,14.42501719644269,16.5,10.158515382010822,13.0,13.699233208200042,15.5
477,16.633171694675944,19.0,16.346549119580565,18.0,13.886671449769057,19.0,9.947262995104708,8.0,13.696334792462826,16.0
492,14.140212773540034,14.3333,15.521858460322456,19.0,13.141951411643442,16.3333,13.821293018602981,13.6667,13.806805110089199,16.0
514,14.922330495223374,13.5,16.217051894583296,16.25,14.187973884631237,16.5,11.290461265863426,9.75,13.819829875482993,11.75
53,13.16184768636942,12.0,14.44252272740219,15.3333,13.315142218646532,12.3333,14.494992683783968,17.3333,13.75618834962701,12.6667
543,15.049227141902353,16.0,16.832309025071346,13.5,14.605218228006649,14.5,12.329699814649173,13.5,13.691733134174704,15.5
546,14.25297239801135,15.5,15.51659345994536,13.5,14.169507719432318,14.5,12.555392024483588,12.0,13.739559983495852,15.5
569,15.138904764811285,16.0,15.940690558302467,18.3333,13.957330445330618,15.0,10.83461396908223,13.0,13.7722958833623,17.3333
571,14.758752095996353,15.6667,15.61685831685375,16.3333,13.810392643977359,19.3333,11.145081515302252,7.3333,13.717181469985457,12.3333
573,15.815128973500535,15.5,17.302922384944047,17.25,13.214218194997423,18.5,12.101794609106996,7.75,13.718023748749529,11.75
576,14.072524069271186,19.0,15.8033874512669,16.0,13.581219205554683,13.0,10.969723903361835,10.5,13.653003373258922,10.5
629,14.750246726889708,16.0,14.66416602818221,15.0,13.563984561193037,13.5,11.770892801616862,11.5,13.623168208360779,12.0
638,14.80057144610829,17.0,15.742035639244486,18.25,13.378605859536158,17.5,11.187838650483364,12.25,13.78992573091556,10.75
650,14.416980480401627,14.5,15.117297179727979,16.5,13.244471723943766,16.0,13.337478301516834,15.5,13.828301605845699,11.0
675,13.35575229147641,17.0,15.671128120834329,14.5,13.539177520935755,14.5,12.402885311637831,8.0,13.77459440135123,15.5
686,13.656309055139008,12.5,14.8376076564864,18.0,12.208405096588734,9.5,14.607895671528361,16.0,14.045503503444591,13.0
688,16.09886121566652,14.6,15.703970261668108,13.6,14.274511851142842,10.6,12.204251594884255,13.0,13.692274246127115,13.8
689,13.93317126480231,12.0,15.53254021187054,12.2,13.27068079376627,9.0,13.28655064002711,15.4,13.79841369187406,16.6
694,14.457124782752615,12.5,15.047128903463474,11.0,13.854371100058033,8.0,13.47071242626338,11.5,13.70630345149347,15.0
70,14.567207639508228,14.75,15.090555313300992,16.75,13.600438496589781,18.0,12.670697725921885,15.75,13.69247637922326,10.75
704,15.90477593587926,17.75,16.126743649962574,19.0,13.707954298527392,13.5,10.974379475162952,11.75,13.658583395114016,10.25
711,12.904421387959468,9.6667,15.124488609056208,12.0,13.04503013042203,11.6667,13.758697629840995,19.3333,13.608775962426801,13.6667
720,15.021071559701202,16.0,15.821737539113217,15.0,13.292511653636149,18.5,9.688940314129255,10.5,13.805609239288867,15.5
726,14.715747546068709,11.5,13.50947276983513,15.25,13.922076678673164,17.5,13.915949935139764,15.5,13.894115855480333,13.5
729,14.460307367477794,10.25,14.744507402674806,20.0,14.061937259855823,7.5,11.630582923278281,11.75,13.751404099640828,11.0
746,16.114547573223966,15.0,17.607620425689625,14.0,14.041568046485228,13.2,8.500064213211317,10.2,13.291927971047341,12.8
763,14.234285629663123,14.0,15.560733862671368,14.0,13.730855860667933,12.0,10.81724144129593,16.5,13.574809175305084,13.5
785,16.035433219123014,16.0,16.719305799864152,16.6667,14.609740518589799,12.6667,11.093465473988575,11.6667,13.791114378826954,9.6667
827,14.497622178914565,14.25,15.204688515254466,13.5,14.093198294853373,9.25,12.821305377477865,17.75,13.728883283770122,9.5
844,17.926411891244957,18.75,18.21830896145004,18.25,14.623835056265955,17.75,6.257899619273872,6.75,13.72318846142012,15.75
859,13.58356968007491,13.3333,14.575929867970075,13.0,13.488991538178542,13.6667,12.327296351375733,12.0,13.668378998952486,14.6667
865,12.609828130416279,14.5,12.929043826938013,12.5,13.430735203662124,13.5,16.27108218466546,13.0,13.666149083119311,13.0
882,14.919746430446294,14.5,17.09685481977575,14.5,13.016444449960606,13.5,11.915642237544748,10.5,13.76024725050424,14.0
886,14.39372507297147,16.5,15.107559073254798,17.5,13.662681604085847,13.25,10.718383380421688,7.5,13.831051382560494,14.25
910,15.69958977497578,15.5,16.509164595639195,18.5,13.765910493255774,12.0,10.989559526809298,7.0,13.697448883633177,18.0
911,14.13516065312066,15.5,14.973656668434277,17.5,10.854169063815718,13.5,9.781694519751152,9.0,14.374453742815703,13.5
92,15.588694830379579,12.5,15.545373417901931,15.5,13.755833712451954,13.0,10.509325101732365,11.0,13.655869443914646,9.0
928,14.96523394256519,15.5,15.137990119536376,15.5,12.646479047575466,17.0,11.953953833323881,10.5,13.80809857469605,13.0
936,14.779506354825362,17.5,15.712583946915771,18.5,13.993688412824072,6.0,11.36638931974763,13.5,13.73438183136212,11.5
937,13.50948979079513,14.0,13.403970198919387,14.6667,13.265609389650333,16.3333,14.431429118335414,9.6667,13.753492970510369,15.0
944,14.650150657092201,15.0,15.858531077274867,16.0,12.994887262303184,16.0,12.586825432926807,7.0,13.633410778531571,18.0
947,13.187414757250613,9.0,13.551513627955815,16.3333,13.293148154154007,13.6667,14.572224105550735,15.3333,13.669282673306506,12.6667
953,14.479896840604543,14.0,15.113815078161947,16.0,13.45236729842532,17.0,13.601506409172993,15.5,13.798312721061487,13.5
972,14.033414165168244,13.0,14.563084538422371,16.0,14.008293714603697,9.0,13.190555570570725,7.0,13.848355167028878,17.0
